{"result":0,"data":{"companies":[{"id":883,"name":"필립스","alias":null,"color":"#75C155","emails":["philips.com"],"enabled":true,"scale":null,"order":null,"logo_url":null},{"id":5620,"name":"필모어","alias":null,"color":"#5C606D","emails":["fillmore-online.co.kr"],"enabled":true,"scale":null,"order":null,"logo_url":null},{"id":9547,"name":"필에너지","alias":null,"color":"#5C606D","emails":["philenergy.co.kr"],"enabled":true,"scale":null,"order":null,"logo_url":null},{"id":5702,"name":"필옵틱스","alias":null,"color":"#1980C5","emails":["philoptics.com"],"enabled":true,"scale":null,"order":null,"logo_url":null},{"id":6699,"name":"필웨이","alias":null,"color":"#D95757","emails":["feelway.com"],"enabled":true,"scale":null,"order":null,"logo_url":null},{"id":10090,"name":"필즈엔지니어링","alias":null,"color":"#75C155","emails":["pields.com"],"enabled":true,"scale":null,"order":null,"logo_url":null},{"id":10303,"name":"핌아시아","alias":null,"color":"#D95757","emails":["fimasia.co.kr"],"enabled":true,"scale":null,"order":null,"logo_url":null},{"id":10483,"name":"핏블","alias":null,"color":"#5C606D","emails":["fitble.kr"],"enabled":true,"scale":null,"order":null,"logo_url":null},{"id":4642,"name":"핏펫","alias":null,"color":"#1980C5","emails":["fitpet.co.kr"],"enabled":true,"scale":null,"order":null,"logo_url":null},{"id":4757,"name":"핑거","alias":null,"color":"#5C606D","emails":["finger.co.kr"],"enabled":true,"scale":null,"order":null,"logo_url":null},{"id":1326,"name":"핑고리","alias":null,"color":"#1980C5","emails":["pingoli.com"],"enabled":true,"scale":null,"order":null,"logo_url":null},{"id":8924,"name":"핑퐁페이먼트코리아","alias":null,"color":"#1980C5","emails":["pingpongx.com"],"enabled":true,"scale":null,"order":null,"logo_url":null},{"id":10380,"name":"하나고등학교","alias":null,"color":"#D95757","emails":["hana.hs.kr"],"enabled":true,"scale":null,"order":null,"logo_url":null},{"id":640,"name":"하나금융투자","alias":null,"color":"#D95757","emails":["hanafn.com"],"enabled":true,"scale":null,"order":null,"logo_url":null},{"id":1222,"name":"하나금융티아이","alias":null,"color":"#75C155","emails":["hanafn.com"],"enabled":true,"scale":null,"order":null,"logo_url":null},{"id":9600,"name":"하나기술","alias":null,"color":"#75C155","emails":["hn-tech.co.kr"],"enabled":true,"scale":null,"order":null,"logo_url":null},{"id":4916,"name":"하나대체투자자산운용","alias":null,"color":"#1980C5","emails":["hanafn.com"],"enabled":true,"scale":null,"order":null,"logo_url":null},{"id":641,"name":"하나대투증권","alias":null,"color":"#D95757","emails":["hanafn.com"],"enabled":true,"scale":null,"order":null,"logo_url":null},{"id":3015,"name":"하나로티앤에스","alias":null,"color":"#D95757","emails":["htns.com"],"enabled":true,"scale":null,"order":null,"logo_url":null},{"id":1455,"name":"하나마이크론","alias":null,"color":"#D95757","emails":["hanamicron.co.kr","hanamicron.com"],"enabled":true,"scale":null,"order":null,"logo_url":null},{"id":3016,"name":"하나머티리얼즈","alias":null,"color":"#E09E24","emails":["hanamts.com"],"enabled":true,"scale":null,"order":null,"logo_url":null},{"id":7348,"name":"하나생명","alias":null,"color":"#75C155","emails":["hanafn.com"],"enabled":true,"scale":null,"order":null,"logo_url":null},{"id":642,"name":"하나선물","alias":null,"color":"#5C606D","emails":["hanafutures.com"],"enabled":true,"scale":null,"order":null,"logo_url":null},{"id":5021,"name":"하나손해보험","alias":null,"color":"#75C155","emails":["hanafn.com","educar.co.kr"],"enabled":true,"scale":null,"order":null,"logo_url":null},{"id":643,"name":"하나아이앤에스","alias":null,"color":"#D95757","emails":["hanafn.com"],"enabled":true,"scale":null,"order":null,"logo_url":null},{"id":644,"name":"하나은행","alias":"Hanabank","color":"#22628E","emails":["hanafn.com"],"enabled":true,"scale":null,"order":null,"logo_url":null},{"id":4305,"name":"하나은행협력사","alias":null,"color":"#22628E","emails":["hanasr.com"],"enabled":true,"scale":null,"order":null,"logo_url":null},{"id":4887,"name":"하나자산신탁","alias":null,"color":"#D95757","emails":["hanafn.com"],"enabled":true,"scale":null,"order":null,"logo_url":null},{"id":5037,"name":"하나저축은행","alias":null,"color":"#1980C5","emails":["hanafn.com"],"enabled":true,"scale":null,"order":null,"logo_url":null},{"id":1443,"name":"하나제약","alias":null,"color":"#5C606D","emails":["hanaph.co.kr"],"enabled":true,"scale":null,"order":null,"logo_url":null},{"id":8868,"name":"하나증권","alias":null,"color":"#1980C5","emails":["hanafn.com"],"enabled":true,"scale":null,"order":null,"logo_url":null},{"id":645,"name":"하나카드","alias":null,"color":"#D95757","emails":["hanafn.com"],"enabled":true,"scale":null,"order":null,"logo_url":null},{"id":646,"name":"하나캐피탈","alias":null,"color":"#5C606D","emails":["hanafn.com"],"enabled":true,"scale":null,"order":null,"logo_url":null},{"id":3963,"name":"하나케이","alias":null,"color":"#1980C5","emails":["hana8888.co.kr"],"enabled":true,"scale":null,"order":null,"logo_url":null},{"id":9141,"name":"하나코스","alias":null,"color":"#75C155","emails":["hanacos.com"],"enabled":true,"scale":null,"order":null,"logo_url":null},{"id":647,"name":"하나투어","alias":null,"color":"#22628E","emails":["hanatour.com"],"enabled":true,"scale":null,"order":null,"logo_url":null},{"id":892,"name":"하나펀드서비스","alias":null,"color":"#D95757","emails":["hanafn.com","hanais.co.kr"],"enabled":true,"scale":null,"order":null,"logo_url":null},{"id":5187,"name":"하남도시공사","alias":null,"color":"#5C606D","emails":["huic.co.kr"],"enabled":true,"scale":null,"order":null,"logo_url":null},{"id":1100,"name":"하니웰코리아","alias":null,"color":"#22628E","emails":["honeywell.com"],"enabled":true,"scale":null,"order":null,"logo_url":null},{"id":648,"name":"하림","alias":null,"color":"#1980C5","emails":["harim.com"],"enabled":true,"scale":null,"order":null,"logo_url":null},{"id":10299,"name":"하림산업","alias":null,"color":"#E09E24","emails":["harim-foods.com"],"enabled":true,"scale":null,"order":null,"logo_url":null},{"id":6605,"name":"하림지주","alias":null,"color":"#5C606D","emails":["harimholdings.com"],"enabled":true,"scale":null,"order":null,"logo_url":null},{"id":8062,"name":"하림펫푸드","alias":null,"color":"#E09E24","emails":["harimpetfood.com"],"enabled":true,"scale":null,"order":null,"logo_url":null},{"id":4982,"name":"하마마츠포토닉스코리아","alias":null,"color":"#1980C5","emails":["hpkr.co.kr"],"enabled":true,"scale":null,"order":null,"logo_url":null},{"id":8614,"name":"하만커넥티드서비시즈인크","alias":null,"color":"#5C606D","emails":["harman.com"],"enabled":true,"scale":null,"order":null,"logo_url":null},{"id":1247,"name":"하얏트","alias":null,"color":"#75C155","emails":["hyatt.com"],"enabled":true,"scale":null,"order":null,"logo_url":null},{"id":6202,"name":"하엠","alias":null,"color":"#75C155","emails":["haemcom.com"],"enabled":true,"scale":null,"order":null,"logo_url":null},{"id":3964,"name":"하우동천","alias":null,"color":"#75C155","emails":["jilgyungyi.com"],"enabled":true,"scale":null,"order":null,"logo_url":null},{"id":5186,"name":"하우랩","alias":null,"color":"#75C155","emails":["howlab.co.kr"],"enabled":true,"scale":null,"order":null,"logo_url":null},{"id":5866,"name":"하우빌드","alias":null,"color":"#D95757","emails":["howbuild.com"],"enabled":true,"scale":null,"order":null,"logo_url":null}],"last_page":false,"current_page":180,"next_page":181,"total_pages":203}}
